,Date,BTC,IBEX
0,2014-09-17,465.864014,10855.0
1,2014-09-18,456.859985,10931.799805
2,2014-09-19,424.102997,11108.900391
3,2014-09-20,394.673004,11108.900391
4,2014-09-21,408.084991,11108.900391
5,2014-09-22,399.100006,10961.900391
6,2014-09-23,402.09201,10918.900391
7,2014-09-24,435.751007,10798.900391
8,2014-09-25,423.156006,10847.799805
9,2014-09-26,411.428986,10770.599609
10,2014-09-27,403.556,10770.599609
11,2014-09-28,399.471008,10770.599609
12,2014-09-29,376.928009,10828.200195
13,2014-09-30,376.088013,10724.5
14,2014-10-01,387.427002,10793.900391
15,2014-10-02,383.988007,10742.5
16,2014-10-03,375.181,10561.0
17,2014-10-04,359.891998,10561.0
18,2014-10-05,328.915985,10561.0
19,2014-10-06,320.389008,10657.599609
20,2014-10-07,330.584015,10610.0
21,2014-10-08,336.115997,10384.599609
22,2014-10-09,352.747986,10465.299805
23,2014-10-10,364.687012,10186.700195
24,2014-10-11,361.362,10186.700195
25,2014-10-12,362.605988,10186.700195
26,2014-10-13,377.92099,10072.400391
27,2014-10-14,391.691986,10138.099609
28,2014-10-15,400.954987,10204.700195
29,2014-10-16,394.518005,9897.200195
30,2014-10-17,382.756012,9723.0
31,2014-10-18,383.976013,9723.0
32,2014-10-19,391.253998,9723.0
33,2014-10-20,389.230988,9898.900391
34,2014-10-21,382.42099,9893.5
35,2014-10-22,386.118011,10169.599609
36,2014-10-23,382.962006,10202.700195
37,2014-10-24,358.591003,10299.400391
38,2014-10-25,358.610992,10299.400391
39,2014-10-26,347.487,10299.400391
40,2014-10-27,354.777008,10469.400391
41,2014-10-28,353.214996,10260.200195
42,2014-10-29,357.088989,10406.0
43,2014-10-30,335.709015,10304.599609
44,2014-10-31,345.009003,10448.400391
45,2014-11-01,338.649994,10448.400391
46,2014-11-02,326.075012,10448.400391
47,2014-11-03,325.569,10454.299805
48,2014-11-04,327.161011,10361.0
49,2014-11-05,330.683014,10246.599609
50,2014-11-06,339.458008,10242.700195
51,2014-11-07,349.817993,10291.0
52,2014-11-08,342.153992,10291.0
53,2014-11-09,345.376007,10291.0
54,2014-11-10,362.265015,10103.900391
55,2014-11-11,365.856995,10319.799805
56,2014-11-12,367.984985,10307.0
57,2014-11-13,427.27301,10207.599609
58,2014-11-14,418.416992,10192.299805
59,2014-11-15,399.649994,10192.299805
60,2014-11-16,374.730011,10192.299805
61,2014-11-17,388.348999,10061.099609
62,2014-11-18,387.785004,10320.099609
63,2014-11-19,373.895996,10395.799805
64,2014-11-20,380.307007,10351.5
65,2014-11-21,357.878998,10225.599609
66,2014-11-22,351.604004,10225.599609
67,2014-11-23,353.174988,10225.599609
68,2014-11-24,366.947998,10558.700195
69,2014-11-25,376.885986,10621.900391
70,2014-11-26,376.019012,10723.200195
71,2014-11-27,370.502014,10660.400391
72,2014-11-28,369.373993,10722.299805
73,2014-11-29,376.152008,10722.299805
74,2014-11-30,375.51001,10722.299805
75,2014-12-01,378.248993,10700.599609
76,2014-12-02,379.25,10701.099609
77,2014-12-03,381.721985,10776.099609
78,2014-12-04,375.717987,10902.700195
79,2014-12-05,369.441986,10756.400391
80,2014-12-06,376.756989,10756.400391
81,2014-12-07,374.835999,10756.400391
82,2014-12-08,374.964996,10864.599609
83,2014-12-09,361.894989,10704.299805
84,2014-12-10,352.204987,10536.299805
85,2014-12-11,344.339996,10397.400391
86,2014-12-12,350.833008,10358.200195
87,2014-12-13,352.381012,10358.200195
88,2014-12-14,346.72699,10358.200195
89,2014-12-15,351.360992,10149.599609
90,2014-12-16,345.673004,9954.200195
91,2014-12-17,326.855011,9990.700195
92,2014-12-18,319.785004,10218.0
93,2014-12-19,311.178986,10483.400391
94,2014-12-20,317.618988,10483.400391
95,2014-12-21,329.542999,10483.400391
96,2014-12-22,321.067993,10387.5
97,2014-12-23,332.016998,10380.200195
98,2014-12-24,334.38501,10456.099609
99,2014-12-25,322.286011,10456.099609
100,2014-12-26,319.152008,10456.099609
101,2014-12-27,327.583008,10456.099609
102,2014-12-28,316.160004,10456.099609
103,2014-12-29,317.700989,10427.799805
104,2014-12-30,312.718994,10365.400391
105,2014-12-31,310.914001,10260.200195
106,2015-01-01,320.434998,10260.200195
107,2015-01-02,314.07901,10386.700195
108,2015-01-03,314.846008,10386.700195
109,2015-01-04,281.145996,10386.700195
110,2015-01-05,265.084015,10267.200195
111,2015-01-06,274.610992,10040.700195
112,2015-01-07,286.076996,9937.299805
113,2015-01-08,294.13501,10053.200195
114,2015-01-09,282.382996,10080.0
115,2015-01-10,287.303009,10080.0
116,2015-01-11,274.608002,10080.0
117,2015-01-12,266.145996,9805.5
118,2015-01-13,267.394012,9762.400391
119,2015-01-14,223.893997,9801.700195
120,2015-01-15,176.897003,9953.099609
121,2015-01-16,209.070007,9948.599609
122,2015-01-17,207.834,9948.599609
123,2015-01-18,200.050003,9948.599609
124,2015-01-19,211.470993,10091.299805
125,2015-01-20,212.906998,10194.900391
126,2015-01-21,211.378006,10325.0
127,2015-01-22,227.322006,10382.200195
128,2015-01-23,233.516998,10604.900391
129,2015-01-24,232.699997,10604.900391
130,2015-01-25,247.352005,10604.900391
131,2015-01-26,254.078995,10502.599609
132,2015-01-27,273.166992,10669.5
133,2015-01-28,263.351013,10676.599609
134,2015-01-29,233.348007,10391.200195
135,2015-01-30,232.772003,10562.599609
136,2015-01-31,226.440994,10562.599609
137,2015-02-01,216.867004,10562.599609
138,2015-02-02,226.490997,10396.599609
139,2015-02-03,237.453995,10426.799805
140,2015-02-04,227.511002,10620.900391
141,2015-02-05,227.664993,10451.700195
142,2015-02-06,216.923004,10547.099609
143,2015-02-07,222.632996,10547.099609
144,2015-02-08,227.692993,10547.099609
145,2015-02-09,223.389008,10467.799805
146,2015-02-10,220.281998,10389.799805
147,2015-02-11,219.731995,10496.099609
148,2015-02-12,219.207993,10349.599609
149,2015-02-13,221.968994,10618.5
150,2015-02-14,235.528,10618.5
151,2015-02-15,257.506989,10618.5
152,2015-02-16,234.824997,10717.799805
153,2015-02-17,233.421997,10591.599609
154,2015-02-18,243.779999,10764.599609
155,2015-02-19,236.410004,10781.0
156,2015-02-20,240.251007,10889.799805
157,2015-02-21,243.751999,10889.799805
158,2015-02-22,244.544006,10889.799805
159,2015-02-23,235.994995,11001.299805
160,2015-02-24,238.998001,11027.700195
161,2015-02-25,238.889999,11027.900391
162,2015-02-26,237.337006,11023.299805
163,2015-02-27,236.436005,11142.900391
164,2015-02-28,253.520004,11142.900391
165,2015-03-01,254.283005,11142.900391
166,2015-03-02,260.356995,11190.5
167,2015-03-03,275.04599,11197.599609
168,2015-03-04,281.98999,11048.099609
169,2015-03-05,272.739014,11078.099609
170,2015-03-06,275.600006,11144.5
171,2015-03-07,272.294006,11144.5
172,2015-03-08,276.433014,11144.5
173,2015-03-09,274.812012,11007.900391
174,2015-03-10,289.862,11060.5
175,2015-03-11,291.524994,10950.299805
176,2015-03-12,296.127014,11022.900391
177,2015-03-13,294.118011,11072.900391
178,2015-03-14,284.441986,11072.900391
179,2015-03-15,281.424988,11072.900391
180,2015-03-16,285.684998,11082.400391
181,2015-03-17,290.595001,11117.5
182,2015-03-18,285.066986,11057.400391
183,2015-03-19,255.880005,11062.900391
184,2015-03-20,260.955994,11109.799805
185,2015-03-21,261.644012,11109.799805
186,2015-03-22,259.916992,11109.799805
187,2015-03-23,267.894989,11394.0
188,2015-03-24,266.576996,11428.5
189,2015-03-25,247.472,11560.700195
190,2015-03-26,246.276001,11400.400391
191,2015-03-27,248.565994,11469.700195
192,2015-03-28,246.975006,11469.700195
193,2015-03-29,252.740005,11469.700195
194,2015-03-30,242.878998,11459.799805
195,2015-03-31,247.453995,11510.799805
196,2015-04-01,244.223007,11482.0
197,2015-04-02,247.089005,11583.599609
198,2015-04-03,253.074005,11583.599609
199,2015-04-04,254.291,11583.599609
200,2015-04-05,253.761002,11583.599609
201,2015-04-06,260.721008,11583.599609
202,2015-04-07,255.274002,11715.599609
203,2015-04-08,253.063995,11738.400391
204,2015-04-09,244.751007,11688.400391
205,2015-04-10,243.694,11755.299805
206,2015-04-11,236.016006,11755.299805
207,2015-04-12,236.535004,11755.299805
208,2015-04-13,235.949997,11761.700195
209,2015-04-14,224.759003,11798.5
210,2015-04-15,219.072998,11742.400391
211,2015-04-16,223.917007,11772.299805
212,2015-04-17,228.574997,11565.5
213,2015-04-18,222.852997,11565.5
214,2015-04-19,223.455994,11565.5
215,2015-04-20,222.612,11400.200195
216,2015-04-21,224.619995,11439.0
217,2015-04-22,235.602005,11452.200195
218,2015-04-23,234.052994,11417.5
219,2015-04-24,235.970001,11469.599609
220,2015-04-25,231.235001,11469.599609
221,2015-04-26,226.410004,11469.599609
222,2015-04-27,219.429001,11532.0
223,2015-04-28,228.968994,11656.0
224,2015-04-29,225.591003,11619.0
225,2015-04-30,225.692993,11351.099609
226,2015-05-01,235.938995,11351.099609
227,2015-05-02,232.341003,11351.099609
228,2015-05-03,234.880005,11351.099609
229,2015-05-04,240.356003,11377.099609
230,2015-05-05,238.852005,11416.400391
231,2015-05-06,236.248993,11100.400391
232,2015-05-07,229.662003,11125.099609
233,2015-05-08,237.203995,11260.799805
234,2015-05-09,243.768997,11260.799805
235,2015-05-10,241.729004,11260.799805
236,2015-05-11,240.298996,11433.700195
237,2015-05-12,242.145004,11332.0
238,2015-05-13,241.397995,11366.0
239,2015-05-14,236.214005,11304.599609
240,2015-05-15,236.955002,11438.799805
241,2015-05-16,237.643997,11438.799805
242,2015-05-17,236.009995,11438.799805
243,2015-05-18,236.886993,11336.799805
244,2015-05-19,233.037003,11406.099609
245,2015-05-20,231.889999,11505.099609
246,2015-05-21,234.016006,11517.900391
247,2015-05-22,235.320999,11594.700195
248,2015-05-23,240.285995,11594.700195
249,2015-05-24,238.975998,11594.700195
250,2015-05-25,240.927002,11421.200195
251,2015-05-26,237.104004,11297.099609
252,2015-05-27,237.065002,11281.700195
253,2015-05-28,237.257004,11387.900391
254,2015-05-29,237.376999,11375.599609
255,2015-05-30,237.091995,11375.599609
256,2015-05-31,233.134995,11375.599609
257,2015-06-01,230.233002,11264.799805
258,2015-06-02,222.893997,11314.5
259,2015-06-03,225.735992,11302.900391
260,2015-06-04,225.772003,11201.200195
261,2015-06-05,224.154007,11061.5
262,2015-06-06,225.005005,11061.5
263,2015-06-07,225.595993,11061.5
264,2015-06-08,222.878998,11022.799805
265,2015-06-09,228.537994,10895.0
266,2015-06-10,228.994995,10879.900391
267,2015-06-11,228.854996,11097.599609
268,2015-06-12,229.705002,11124.5
269,2015-06-13,229.919998,11124.5
270,2015-06-14,232.442001,11124.5
271,2015-06-15,233.421997,10893.599609
272,2015-06-16,236.764999,10766.0
273,2015-06-17,250.822998,10900.0
274,2015-06-18,249.427994,10788.5
275,2015-06-19,249.042999,10890.700195
276,2015-06-20,244.529999,10890.700195
277,2015-06-21,245.100006,10890.700195
278,2015-06-22,243.968994,11184.5
279,2015-06-23,246.927002,11461.5
280,2015-06-24,244.281998,11419.0
281,2015-06-25,240.365005,11245.0
282,2015-06-26,242.604004,11238.700195
283,2015-06-27,243.548996,11238.700195
284,2015-06-28,250.955002,11238.700195
285,2015-06-29,248.720993,11148.400391
286,2015-06-30,257.036011,10811.599609
287,2015-07-01,263.345001,10857.700195
288,2015-07-02,258.552002,10932.0
289,2015-07-03,255.459,10835.700195
290,2015-07-04,256.490997,10835.700195
291,2015-07-05,260.804993,10835.700195
292,2015-07-06,271.108002,10571.799805
293,2015-07-07,269.963013,10554.900391
294,2015-07-08,265.981995,10364.700195
295,2015-07-09,270.826996,10479.400391
296,2015-07-10,269.156006,10958.200195
297,2015-07-11,284.880005,10958.200195
298,2015-07-12,293.140015,10958.200195
299,2015-07-13,310.826996,11178.200195
300,2015-07-14,292.033997,11220.099609
301,2015-07-15,288.045013,11262.0
302,2015-07-16,286.041992,11405.200195
303,2015-07-17,278.091003,11551.0
304,2015-07-18,279.330994,11551.0
305,2015-07-19,274.766998,11551.0
306,2015-07-20,273.498993,11506.900391
307,2015-07-21,278.881989,11571.900391
308,2015-07-22,275.657013,11389.200195
309,2015-07-23,277.341003,11552.0
310,2015-07-24,276.005005,11415.400391
311,2015-07-25,288.164001,11415.400391
312,2015-07-26,288.640015,11415.400391
313,2015-07-27,292.639008,11252.700195
314,2015-07-28,293.632996,11179.5
315,2015-07-29,294.484009,11310.0
316,2015-07-30,289.102997,11347.700195
317,2015-07-31,287.696014,11198.400391
318,2015-08-01,284.686005,11198.400391
319,2015-08-02,280.449005,11198.400391
320,2015-08-03,282.806,11180.599609
321,2015-08-04,281.225006,11240.299805
322,2015-08-05,284.846985,11195.0
323,2015-08-06,281.906006,11263.599609
324,2015-08-07,278.740997,11244.900391
325,2015-08-08,279.742004,11244.900391
326,2015-08-09,261.115997,11244.900391
327,2015-08-10,265.477997,11239.5
328,2015-08-11,264.34201,11278.5
329,2015-08-12,270.597992,11054.400391
330,2015-08-13,266.183014,11030.799805
331,2015-08-14,264.131989,10952.400391
332,2015-08-15,265.528992,10952.400391
333,2015-08-16,261.865997,10952.400391
334,2015-08-17,258.48999,10983.099609
335,2015-08-18,257.925995,10878.0
336,2015-08-19,225.671005,10843.700195
337,2015-08-20,226.899002,10748.200195
338,2015-08-21,235.354996,10434.400391
339,2015-08-22,232.662003,10434.400391
340,2015-08-23,230.376007,10434.400391
341,2015-08-24,228.112,9973.700195
342,2015-08-25,210.067993,9880.400391
343,2015-08-26,222.076004,10005.799805
344,2015-08-27,226.050003,10229.599609
345,2015-08-28,224.701004,10322.700195
346,2015-08-29,231.548996,10322.700195
347,2015-08-30,229.895004,10322.700195
348,2015-08-31,229.113998,10297.200195
349,2015-09-01,230.255997,10136.099609
350,2015-09-02,228.026993,10009.700195
351,2015-09-03,229.324005,10023.799805
352,2015-09-04,227.214996,9947.0
353,2015-09-05,230.199005,9947.0
354,2015-09-06,234.869995,9947.0
355,2015-09-07,239.934006,9893.5
356,2015-09-08,239.845993,9860.299805
357,2015-09-09,243.414993,10078.799805
358,2015-09-10,238.335999,9929.200195
359,2015-09-11,238.328995,9877.0
360,2015-09-12,239.854996,9877.0
361,2015-09-13,235.242004,9877.0
362,2015-09-14,230.608994,9764.799805
363,2015-09-15,230.492004,9708.299805
364,2015-09-16,230.25,9869.5
365,2015-09-17,229.076004,10015.0
366,2015-09-18,233.520996,10048.599609
367,2015-09-19,232.858002,10048.599609
368,2015-09-20,231.399002,10048.599609
369,2015-09-21,231.216995,9826.099609
370,2015-09-22,226.968994,9856.099609
371,2015-09-23,230.936005,9529.0
372,2015-09-24,230.358002,9492.099609
373,2015-09-25,234.362,9444.200195
374,2015-09-26,235.076004,9444.200195
375,2015-09-27,234.139008,9444.200195
376,2015-09-28,232.835999,9500.900391
377,2015-09-29,239.016006,9280.400391
378,2015-09-30,236.639999,9580.599609
379,2015-10-01,236.003998,9668.900391
380,2015-10-02,237.264008,9650.400391
381,2015-10-03,237.201996,9650.400391
382,2015-10-04,238.531006,9650.400391
383,2015-10-05,238.147003,9777.299805
384,2015-10-06,240.363998,9996.5
385,2015-10-07,246.169998,10176.099609
386,2015-10-08,243.074997,10137.799805
387,2015-10-09,242.498001,10279.099609
388,2015-10-10,243.740005,10279.099609
389,2015-10-11,244.742004,10279.099609
390,2015-10-12,246.875,10318.799805
391,2015-10-13,245.199997,10227.400391
392,2015-10-14,249.492996,10065.400391
393,2015-10-15,252.106995,10132.099609
394,2015-10-16,254.296005,10174.900391
395,2015-10-17,262.747009,10174.900391
396,2015-10-18,270.907013,10174.900391
397,2015-10-19,261.860992,10221.5
398,2015-10-20,263.571991,10196.799805
399,2015-10-21,269.306,10126.099609
400,2015-10-22,266.496002,10130.099609
401,2015-10-23,273.648987,10449.700195
402,2015-10-24,276.503998,10449.700195
403,2015-10-25,281.445007,10449.700195
404,2015-10-26,283.627991,10473.900391
405,2015-10-27,285.181,10458.200195
406,2015-10-28,293.703003,10321.0
407,2015-10-29,304.324005,10451.799805
408,2015-10-30,313.942993,10394.200195
409,2015-10-31,328.511993,10394.200195
410,2015-11-01,315.005005,10394.200195
411,2015-11-02,325.941986,10279.299805
412,2015-11-03,361.872986,10398.599609
413,2015-11-04,403.664001,10524.799805
414,2015-11-05,408.076996,10483.900391
415,2015-11-06,388.046997,10425.799805
416,2015-11-07,374.269012,10425.799805
417,2015-11-08,384.278015,10425.799805
418,2015-11-09,374.324005,10451.599609
419,2015-11-10,379.984009,10364.0
420,2015-11-11,339.820007,10345.099609
421,2015-11-12,314.07901,10350.599609
422,2015-11-13,338.497986,10118.299805
423,2015-11-14,336.623993,10118.299805
424,2015-11-15,333.050995,10118.299805
425,2015-11-16,319.734985,10012.400391
426,2015-11-17,330.362,10214.599609
427,2015-11-18,334.592987,10284.0
428,2015-11-19,334.678986,10340.5
429,2015-11-20,326.411011,10373.200195
430,2015-11-21,322.09201,10373.200195
431,2015-11-22,326.975006,10373.200195
432,2015-11-23,324.350006,10262.299805
433,2015-11-24,323.014008,10231.299805
434,2015-11-25,320.045013,10184.200195
435,2015-11-26,328.303009,10217.299805
436,2015-11-27,351.860992,10285.799805
437,2015-11-28,357.140991,10285.799805
438,2015-11-29,357.471985,10285.799805
439,2015-11-30,371.437012,10299.0
440,2015-12-01,377.414001,10409.900391
441,2015-12-02,361.845001,10411.900391
442,2015-12-03,359.330994,10353.400391
443,2015-12-04,361.261993,10046.099609
444,2015-12-05,363.721008,10046.099609
445,2015-12-06,389.554993,10046.099609
446,2015-12-07,389.977997,10139.0
447,2015-12-08,395.753998,10029.0
448,2015-12-09,414.44101,9865.299805
449,2015-12-10,417.988007,9779.400391
450,2015-12-11,415.281006,9772.900391
451,2015-12-12,452.334991,9772.900391
452,2015-12-13,431.660004,9772.900391
453,2015-12-14,433.272003,9658.0
454,2015-12-15,443.877991,9496.299805
455,2015-12-16,465.208008,9762.5
456,2015-12-17,454.777008,9909.099609
457,2015-12-18,455.846985,9794.099609
458,2015-12-19,463.552002,9794.099609
459,2015-12-20,462.234009,9794.099609
460,2015-12-21,442.838013,9520.5
461,2015-12-22,437.436005,9451.799805
462,2015-12-23,436.720001,9505.599609
463,2015-12-24,443.091003,9663.0
464,2015-12-25,454.855011,9663.0
465,2015-12-26,455.756012,9663.0
466,2015-12-27,416.514008,9663.0
467,2015-12-28,423.342987,9675.599609
468,2015-12-29,422.097992,9611.700195
469,2015-12-30,433.299988,9650.0
470,2015-12-31,425.875,9604.200195
471,2016-01-01,430.721008,9604.200195
472,2016-01-02,434.622009,9604.200195
473,2016-01-03,433.578003,9604.200195
474,2016-01-04,430.061005,9429.799805
475,2016-01-05,433.069,9431.5
476,2016-01-06,431.855988,9330.299805
477,2016-01-07,430.010986,8973.799805
478,2016-01-08,457.537994,9093.299805
479,2016-01-09,453.382996,9093.299805
480,2016-01-10,448.238007,9093.299805
481,2016-01-11,448.697998,8849.900391
482,2016-01-12,448.182007,8867.900391
483,2016-01-13,434.665009,8998.5
484,2016-01-14,432.287994,8852.5
485,2016-01-15,430.255005,8769.400391
486,2016-01-16,365.072998,8769.400391
487,2016-01-17,387.152008,8769.400391
488,2016-01-18,381.733002,8525.5
489,2016-01-19,387.026001,8624.299805
490,2016-01-20,379.73999,8390.200195
491,2016-01-21,419.631989,8311.799805
492,2016-01-22,409.751007,8638.0
493,2016-01-23,382.43399,8638.0
494,2016-01-24,388.10199,8638.0
495,2016-01-25,402.316986,8763.200195
496,2016-01-26,392.002014,8426.099609
497,2016-01-27,392.444,8676.099609
498,2016-01-28,395.145996,8697.799805
499,2016-01-29,380.108002,8728.200195
500,2016-01-30,378.86499,8728.200195
501,2016-01-31,378.292999,8728.200195
502,2016-02-01,369.350006,8849.299805
503,2016-02-02,372.920013,8768.0
504,2016-02-03,374.645996,8510.299805
505,2016-02-04,370.174011,8437.099609
506,2016-02-05,388.89801,8477.099609
507,2016-02-06,386.588989,8477.099609
508,2016-02-07,376.514008,8477.099609
509,2016-02-08,376.756989,8537.900391
510,2016-02-09,373.423004,8129.0
511,2016-02-10,376.145996,8013.799805
512,2016-02-11,382.114014,8047.299805
513,2016-02-12,379.686005,7849.899902
514,2016-02-13,384.640991,7849.899902
515,2016-02-14,392.932007,7849.899902
516,2016-02-15,407.567993,8133.0
517,2016-02-16,401.432007,8262.799805
518,2016-02-17,407.656006,8166.200195
519,2016-02-18,416.571991,8420.299805
520,2016-02-19,422.730011,8284.900391
521,2016-02-20,421.601013,8284.900391
522,2016-02-21,437.77301,8284.900391
523,2016-02-22,438.989014,8290.299805
524,2016-02-23,438.255005,8345.400391
525,2016-02-24,420.955994,8255.0
526,2016-02-25,425.036987,8128.100098
527,2016-02-26,424.628998,8313.299805
528,2016-02-27,432.838989,8313.299805
529,2016-02-28,432.571014,8313.299805
530,2016-02-29,433.437988,8291.900391
531,2016-03-01,437.916992,8454.599609
532,2016-03-02,435.131012,8662.299805
533,2016-03-03,423.911987,8787.900391
534,2016-03-04,421.835999,8812.599609
535,2016-03-05,410.781006,8812.599609
536,2016-03-06,400.524994,8812.599609
537,2016-03-07,407.756989,8785.700195
538,2016-03-08,414.464996,8736.299805
539,2016-03-09,413.894012,8765.5
540,2016-03-10,414.743988,8782.0
541,2016-03-11,417.238007,8930.299805
542,2016-03-12,421.605011,8930.299805
543,2016-03-13,411.64801,8930.299805
544,2016-03-14,414.200989,9156.099609
545,2016-03-15,416.388,9099.5
546,2016-03-16,416.888,9018.400391
547,2016-03-17,417.889008,9064.900391
548,2016-03-18,420.546997,8995.299805
549,2016-03-19,409.265015,8995.299805
550,2016-03-20,410.401001,8995.299805
551,2016-03-21,413.417999,9006.099609
552,2016-03-22,413.131989,8969.299805
553,2016-03-23,418.161011,9017.200195
554,2016-03-24,418.424011,8862.5
555,2016-03-25,416.507996,8862.5
556,2016-03-26,417.36499,8862.5
557,2016-03-27,418.140015,8862.5
558,2016-03-28,426.548004,8862.5
559,2016-03-29,424.303986,8843.200195
560,2016-03-30,416.834015,8874.400391
561,2016-03-31,415.256989,8825.5
562,2016-04-01,416.76001,8624.599609
563,2016-04-02,418.421997,8624.599609
564,2016-04-03,421.173004,8624.599609
565,2016-04-04,421.299011,8589.299805
566,2016-04-05,421.016998,8483.799805
567,2016-04-06,424.283997,8398.799805
568,2016-04-07,423.619995,8418.200195
569,2016-04-08,422.907013,8309.900391
570,2016-04-09,420.811005,8309.900391
571,2016-04-10,419.59201,8309.900391
572,2016-04-11,421.872009,8413.400391
573,2016-04-12,422.842987,8519.799805
574,2016-04-13,425.631989,8660.099609
575,2016-04-14,423.934998,8854.0
576,2016-04-15,424.427002,8855.400391
577,2016-04-16,429.575012,8855.400391
578,2016-04-17,430.635986,8855.400391
579,2016-04-18,427.610992,8703.400391
580,2016-04-19,428.703003,8914.5
581,2016-04-20,435.324005,8948.400391
582,2016-04-21,441.415985,9178.5
583,2016-04-22,449.687988,9183.900391
584,2016-04-23,445.860992,9183.900391
585,2016-04-24,450.559998,9183.900391
586,2016-04-25,459.121002,9225.400391
587,2016-04-26,461.64801,9171.900391
588,2016-04-27,466.261993,9306.700195
589,2016-04-28,445.037994,9227.599609
590,2016-04-29,449.40799,9161.400391
591,2016-04-30,455.178009,9161.400391
592,2016-05-01,448.484009,9161.400391
593,2016-05-02,451.933014,9066.900391
594,2016-05-03,444.72699,9009.400391
595,2016-05-04,450.183014,8767.799805
596,2016-05-05,446.710999,8698.200195
597,2016-05-06,447.941986,8659.5
598,2016-05-07,459.639008,8659.5
599,2016-05-08,458.428986,8659.5
600,2016-05-09,458.205994,8776.099609
601,2016-05-10,460.518005,8749.400391
602,2016-05-11,450.864014,8773.0
603,2016-05-12,452.446991,8629.400391
604,2016-05-13,454.850006,8622.700195
605,2016-05-14,455.822998,8622.700195
606,2016-05-15,455.759003,8622.700195
607,2016-05-16,457.585999,8626.400391
608,2016-05-17,454.009003,8743.700195
609,2016-05-18,453.69101,8647.299805
610,2016-05-19,454.523987,8745.5
611,2016-05-20,437.792999,8737.5
612,2016-05-21,442.966003,8737.5
613,2016-05-22,443.217987,8737.5
614,2016-05-23,439.347992,8776.200195
615,2016-05-24,444.290985,8687.299805
616,2016-05-25,446.062012,8988.5
617,2016-05-26,449.671997,9074.400391
618,2016-05-27,453.520996,9045.400391
619,2016-05-28,473.028992,9045.400391
620,2016-05-29,527.47699,9045.400391
621,2016-05-30,528.471008,9110.900391
622,2016-05-31,534.190979,9130.5
623,2016-06-01,531.106995,9028.299805
624,2016-06-02,536.515015,8918.599609
625,2016-06-03,537.682007,9004.299805
626,2016-06-04,569.705017,9004.299805
627,2016-06-05,573.307983,9004.299805
628,2016-06-06,574.60199,8810.099609
629,2016-06-07,585.445007,8873.0
630,2016-06-08,577.166992,8857.900391
631,2016-06-09,582.203003,8806.799805
632,2016-06-10,575.836975,8732.200195
633,2016-06-11,578.674011,8732.200195
634,2016-06-12,609.684021,8732.200195
635,2016-06-13,671.653992,8388.200195
636,2016-06-14,704.504028,8238.599609
637,2016-06-15,685.684998,8216.799805
638,2016-06-16,696.52301,8150.700195
639,2016-06-17,768.487,8290.200195
640,2016-06-18,748.755981,8290.200195
641,2016-06-19,756.687988,8290.200195
642,2016-06-20,763.927002,8592.700195
643,2016-06-21,735.882996,8636.900391
644,2016-06-22,665.914978,8711.900391
645,2016-06-23,597.442993,8758.900391
646,2016-06-24,625.575012,8263.599609
647,2016-06-25,665.281006,8263.599609
648,2016-06-26,665.93103,8263.599609
649,2016-06-27,629.348999,8001.5
650,2016-06-28,658.10199,7836.799805
651,2016-06-29,644.122009,7947.0
652,2016-06-30,640.591003,8081.700195
653,2016-07-01,672.515015,8240.099609
654,2016-07-02,676.734009,8240.099609
655,2016-07-03,704.968018,8240.099609
656,2016-07-04,658.804016,8302.900391
657,2016-07-05,683.208984,8176.200195
658,2016-07-06,670.41803,8005.700195
659,2016-07-07,678.090027,7996.399902
660,2016-07-08,640.687988,7985.600098
661,2016-07-09,666.383972,7985.600098
662,2016-07-10,650.598999,7985.600098
663,2016-07-11,648.484009,8265.799805
664,2016-07-12,648.28302,8313.799805
665,2016-07-13,664.796997,8471.900391
666,2016-07-14,652.922974,8563.700195
667,2016-07-15,659.171021,8527.299805
668,2016-07-16,663.781006,8527.299805
669,2016-07-17,661.992981,8527.299805
670,2016-07-18,679.809021,8552.900391
671,2016-07-19,672.737976,8490.700195
672,2016-07-20,672.80603,8556.0
673,2016-07-21,665.228027,8589.299805
674,2016-07-22,664.921997,8566.299805
675,2016-07-23,650.726013,8566.299805
676,2016-07-24,655.409973,8566.299805
677,2016-07-25,661.263,8605.700195
678,2016-07-26,654.226013,8574.5
679,2016-07-27,651.627014,8593.599609
680,2016-07-28,654.492004,8630.0
681,2016-07-29,655.111023,8525.099609
682,2016-07-30,657.012024,8525.099609
683,2016-07-31,655.099976,8525.099609
684,2016-08-01,624.60199,8667.5
685,2016-08-02,606.396973,8495.599609
686,2016-08-03,548.656006,8319.099609
687,2016-08-04,566.328979,8324.099609
688,2016-08-05,578.281006,8422.400391
689,2016-08-06,575.030029,8422.400391
690,2016-08-07,587.770996,8422.400391
691,2016-08-08,592.736023,8573.5
692,2016-08-09,591.038025,8541.099609
693,2016-08-10,587.64801,8610.5
694,2016-08-11,592.124023,8699.0
695,2016-08-12,588.797974,8704.5
696,2016-08-13,587.356995,8704.5
697,2016-08-14,585.588989,8704.5
698,2016-08-15,570.494019,8711.0
699,2016-08-16,567.242981,8689.0
700,2016-08-17,577.760986,8646.200195
701,2016-08-18,573.70697,8549.200195
702,2016-08-19,574.338989,8556.200195
703,2016-08-20,576.083984,8556.200195
704,2016-08-21,581.939026,8556.200195
705,2016-08-22,581.310974,8431.299805
706,2016-08-23,586.770996,8512.799805
707,2016-08-24,583.411987,8532.0
708,2016-08-25,580.179993,8612.299805
709,2016-08-26,577.752991,8595.700195
710,2016-08-27,579.452026,8595.700195
711,2016-08-28,569.830017,8595.700195
712,2016-08-29,574.070984,8611.200195
713,2016-08-30,574.114014,8629.400391
714,2016-08-31,577.591003,8677.400391
715,2016-09-01,575.546021,8746.299805
716,2016-09-02,572.409973,8789.900391
717,2016-09-03,575.554993,8789.900391
718,2016-09-04,598.590027,8789.900391
719,2016-09-05,608.98999,8928.400391
720,2016-09-06,606.505981,8991.400391
721,2016-09-07,610.572998,8931.799805
722,2016-09-08,614.63501,9028.599609
723,2016-09-09,626.35199,9065.5
724,2016-09-10,622.927002,9065.5
725,2016-09-11,623.424011,9065.5
726,2016-09-12,607.005005,8877.099609
727,2016-09-13,608.025024,8907.200195
728,2016-09-14,608.841003,8769.900391
729,2016-09-15,610.588013,8697.0
730,2016-09-16,607.245972,8700.900391
731,2016-09-17,607.218018,8700.900391
732,2016-09-18,606.28302,8700.900391
733,2016-09-19,609.870972,8723.5
734,2016-09-20,609.254028,8695.099609
735,2016-09-21,603.588013,8817.0
736,2016-09-22,597.278992,8819.799805
737,2016-09-23,596.198975,8885.900391
738,2016-09-24,602.960999,8885.900391
739,2016-09-25,602.749023,8885.900391
740,2016-09-26,600.807007,8765.400391
741,2016-09-27,608.021973,8776.0
742,2016-09-28,606.242981,8744.0
743,2016-09-29,605.018982,8834.0
744,2016-09-30,605.715027,8649.0
745,2016-10-01,609.929016,8649.0
746,2016-10-02,613.947998,8649.0
747,2016-10-03,610.968018,8759.0
748,2016-10-04,612.052002,8769.0
749,2016-10-05,610.218018,8691.299805
750,2016-10-06,612.469971,8820.799805
751,2016-10-07,612.607971,8759.900391
752,2016-10-08,617.341003,8759.900391
753,2016-10-09,619.171997,8759.900391
754,2016-10-10,616.822021,8631.299805
755,2016-10-11,619.237976,8690.400391
756,2016-10-12,640.870972,8714.5
757,2016-10-13,636.030029,8634.900391
758,2016-10-14,637.007996,8640.799805
759,2016-10-15,640.310974,8640.799805
760,2016-10-16,639.083008,8640.799805
761,2016-10-17,641.817993,8721.0
762,2016-10-18,639.411011,8786.5
763,2016-10-19,638.133972,8890.299805
764,2016-10-20,630.663025,8975.400391
765,2016-10-21,630.825012,9063.700195
766,2016-10-22,633.135986,9063.700195
767,2016-10-23,657.620972,9063.700195
768,2016-10-24,657.161011,9156.400391
769,2016-10-25,654.002014,9207.799805
770,2016-10-26,657.677979,9151.5
771,2016-10-27,678.213989,9163.5
772,2016-10-28,688.0,9150.400391
773,2016-10-29,690.289001,9150.400391
774,2016-10-30,714.117981,9150.400391
775,2016-10-31,702.640015,9144.900391
776,2016-11-01,701.336975,9206.5
777,2016-11-02,730.065979,8972.799805
778,2016-11-03,742.346008,8858.200195
779,2016-11-04,689.124023,8862.299805
780,2016-11-05,703.525024,8862.299805
781,2016-11-06,703.812012,8862.299805
782,2016-11-07,710.736023,8949.400391
783,2016-11-08,703.088989,8936.799805
784,2016-11-09,709.825012,8595.299805
785,2016-11-10,722.843994,8983.0
786,2016-11-11,715.554993,8819.5
787,2016-11-12,716.752014,8819.5
788,2016-11-13,705.195984,8819.5
789,2016-11-14,701.997009,8733.0
790,2016-11-15,705.794006,8665.700195
791,2016-11-16,711.166992,8712.900391
792,2016-11-17,744.875977,8622.400391
793,2016-11-18,740.705017,8754.700195
794,2016-11-19,751.833008,8754.700195
795,2016-11-20,751.879028,8754.700195
796,2016-11-21,731.265015,8659.900391
797,2016-11-22,739.643005,8672.799805
798,2016-11-23,751.741028,8666.599609
799,2016-11-24,744.619995,8657.400391
800,2016-11-25,740.442017,8671.0
801,2016-11-26,741.510986,8671.0
802,2016-11-27,735.437012,8671.0
803,2016-11-28,732.484009,8651.799805
804,2016-11-29,736.328979,8614.299805
805,2016-11-30,736.283997,8662.700195
806,2016-12-01,746.046021,8671.599609
807,2016-12-02,757.544983,8610.599609
808,2016-12-03,778.247986,8610.599609
809,2016-12-04,771.638,8610.599609
810,2016-12-05,773.393982,8533.900391
811,2016-12-06,758.719971,8692.400391
812,2016-12-07,764.210999,8951.200195
813,2016-12-08,768.075989,9002.5
814,2016-12-09,769.94397,9121.099609
815,2016-12-10,773.02301,9121.099609
816,2016-12-11,774.752014,9121.099609
817,2016-12-12,770.039978,9171.700195
818,2016-12-13,780.646973,9160.900391
819,2016-12-14,780.005005,9306.900391
820,2016-12-15,780.070007,9225.799805
821,2016-12-16,778.963013,9310.299805
822,2016-12-17,785.166016,9310.299805
823,2016-12-18,791.007996,9310.299805
824,2016-12-19,790.692017,9376.799805
825,2016-12-20,792.247009,9329.099609
826,2016-12-21,800.643982,9384.700195
827,2016-12-22,834.179993,9341.5
828,2016-12-23,864.888,9347.400391
829,2016-12-24,922.179993,9347.400391
830,2016-12-25,899.651978,9347.400391
831,2016-12-26,896.905029,9347.400391
832,2016-12-27,908.354004,9354.799805
833,2016-12-28,934.830994,9357.200195
834,2016-12-29,975.125,9283.400391
835,2016-12-30,972.534973,9310.0
836,2016-12-31,960.627014,9310.0
837,2017-01-01,963.65802,9310.0
838,2017-01-02,998.617004,9310.0
839,2017-01-03,1021.599976,9448.299805
840,2017-01-04,1044.400024,9522.099609
841,2017-01-05,1156.72998,9427.900391
842,2017-01-06,1014.23999,9487.0
843,2017-01-07,903.487,9487.0
844,2017-01-08,908.174988,9487.0
845,2017-01-09,913.244019,9536.900391
846,2017-01-10,902.440002,9497.099609
847,2017-01-11,908.11499,9456.400391
848,2017-01-12,775.177979,9378.0
849,2017-01-13,803.737,9445.099609
850,2017-01-14,825.142029,9445.099609
851,2017-01-15,818.142029,9445.099609
852,2017-01-16,821.78302,9457.200195
853,2017-01-17,830.945984,9390.400391
854,2017-01-18,909.372986,9425.099609
855,2017-01-19,888.335022,9406.400391
856,2017-01-20,898.171997,9377.5
857,2017-01-21,895.549011,9377.5
858,2017-01-22,922.205017,9377.5
859,2017-01-23,925.499023,9337.799805
860,2017-01-24,910.677002,9319.200195
861,2017-01-25,891.924011,9483.5
862,2017-01-26,902.39502,9601.599609
863,2017-01-27,918.359009,9531.400391
864,2017-01-28,919.810974,9531.400391
865,2017-01-29,922.067017,9531.400391
866,2017-01-30,920.151001,9460.599609
867,2017-01-31,920.958984,9365.900391
868,2017-02-01,970.940979,9416.0
869,2017-02-02,990.000977,9321.200195
870,2017-02-03,1011.460022,9435.299805
871,2017-02-04,1031.329956,9435.299805
872,2017-02-05,1043.52002,9435.299805
873,2017-02-06,1028.400024,9459.400391
874,2017-02-07,1040.140015,9321.900391
875,2017-02-08,1062.319946,9362.0
876,2017-02-09,1064.699951,9353.900391
877,2017-02-10,995.632019,9478.200195
878,2017-02-11,988.89801,9478.200195
879,2017-02-12,1003.52002,9478.200195
880,2017-02-13,998.88501,9421.900391
881,2017-02-14,991.734985,9489.099609
882,2017-02-15,1006.210022,9557.099609
883,2017-02-16,1007.650024,9582.5
884,2017-02-17,1026.119995,9564.799805
885,2017-02-18,1049.209961,9564.799805
886,2017-02-19,1054.76001,9564.799805
887,2017-02-20,1048.689941,9564.400391
888,2017-02-21,1079.280029,9523.599609
889,2017-02-22,1114.800049,9577.700195
890,2017-02-23,1117.27002,9519.799805
891,2017-02-24,1172.709961,9513.700195
892,2017-02-25,1170.410034,9513.700195
893,2017-02-26,1144.27002,9513.700195
894,2017-02-27,1163.780029,9494.0
895,2017-02-28,1180.719971,9515.0
896,2017-03-01,1180.040039,9618.0
897,2017-03-02,1224.680054,9753.099609
898,2017-03-03,1250.709961,9694.5
899,2017-03-04,1277.430054,9694.5
900,2017-03-05,1254.290039,9694.5
901,2017-03-06,1267.469971,9772.299805
902,2017-03-07,1273.209961,9817.700195
903,2017-03-08,1223.22998,9792.299805
904,2017-03-09,1150.349976,9844.900391
905,2017-03-10,1189.359985,10038.799805
906,2017-03-11,1116.319946,10038.799805
907,2017-03-12,1176.619995,10038.799805
908,2017-03-13,1221.780029,10020.0
909,2017-03-14,1232.160034,9987.700195
910,2017-03-15,1240.160034,9931.200195
911,2017-03-16,1251.329956,10090.799805
912,2017-03-17,1180.160034,10153.0
913,2017-03-18,1099.689941,10153.0
914,2017-03-19,976.72998,10153.0
915,2017-03-20,1037.23999,10216.700195
916,2017-03-21,1055.359985,10270.5
917,2017-03-22,1120.650024,10151.799805
918,2017-03-23,1050.050049,10248.900391
919,2017-03-24,1038.449951,10312.5
920,2017-03-25,936.539978,10312.5
921,2017-03-26,974.015015,10312.5
922,2017-03-27,972.054993,10218.5
923,2017-03-28,1044.579956,10345.599609
924,2017-03-29,1046.079956,10409.200195
925,2017-03-30,1042.209961,10372.099609
926,2017-03-31,1026.640015,10368.5
927,2017-04-01,1071.709961,10368.5
928,2017-04-02,1080.609985,10368.5
929,2017-04-03,1102.949951,10457.700195
930,2017-04-04,1145.52002,10304.099609
931,2017-04-05,1134.140015,10377.200195
932,2017-04-06,1125.810059,10349.599609
933,2017-04-07,1178.939941,10466.900391
934,2017-04-08,1172.650024,10466.900391
935,2017-04-09,1176.569946,10466.900391
936,2017-04-10,1187.300049,10507.900391
937,2017-04-11,1187.459961,10381.400391
938,2017-04-12,1204.810059,10441.299805
939,2017-04-13,1201.02002,10347.900391
940,2017-04-14,1170.329956,10347.900391
941,2017-04-15,1167.300049,10347.900391
942,2017-04-16,1172.609985,10347.900391
943,2017-04-17,1183.25,10347.900391
944,2017-04-18,1193.77002,10365.599609
945,2017-04-19,1212.130005,10272.700195
946,2017-04-20,1211.079956,10349.299805
947,2017-04-21,1229.420044,10388.599609
948,2017-04-22,1222.709961,10388.599609
949,2017-04-23,1231.920044,10388.599609
950,2017-04-24,1209.630005,10714.200195
951,2017-04-25,1250.449951,10786.099609
952,2017-04-26,1265.98999,10810.400391
953,2017-04-27,1281.880005,10718.799805
954,2017-04-28,1317.73999,10658.400391
955,2017-04-29,1317.839966,10658.400391
956,2017-04-30,1321.869995,10658.400391
957,2017-05-01,1348.300049,10658.400391
958,2017-05-02,1421.030029,10737.700195
959,2017-05-03,1453.780029,10793.0
960,2017-05-04,1490.719971,10872.099609
961,2017-05-05,1540.869995,10971.5
962,2017-05-06,1556.810059,10971.5
963,2017-05-07,1579.469971,10971.5
964,2017-05-08,1596.920044,11177.299805
965,2017-05-09,1723.890015,11120.099609
966,2017-05-10,1756.52002,11029.599609
967,2017-05-11,1780.369995,11051.299805
968,2017-05-12,1845.76001,10861.900391
969,2017-05-13,1723.119995,10861.900391
970,2017-05-14,1800.859985,10861.900391
971,2017-05-15,1808.439941,10941.099609
972,2017-05-16,1741.699951,10959.799805
973,2017-05-17,1726.72998,10925.900391
974,2017-05-18,1818.699951,10727.799805
975,2017-05-19,1897.369995,10711.799805
976,2017-05-20,1984.23999,10711.799805
977,2017-05-21,2067.030029,10711.799805
978,2017-05-22,2043.189941,10843.5
979,2017-05-23,2191.560059,10766.299805
980,2017-05-24,2321.370117,10931.200195
981,2017-05-25,2446.23999,10971.200195
982,2017-05-26,2320.889893,10911.099609
983,2017-05-27,2196.27002,10911.099609
984,2017-05-28,2054.080078,10911.099609
985,2017-05-29,2159.429932,10864.0
986,2017-05-30,2255.360107,10812.5
987,2017-05-31,2187.189941,10885.0
988,2017-06-01,2288.330078,10891.599609
989,2017-06-02,2404.030029,10960.0
990,2017-06-03,2493.719971,10960.0
991,2017-06-04,2547.790039,10960.0
992,2017-06-05,2512.399902,10889.599609
993,2017-06-06,2690.840088,10859.0
994,2017-06-07,2869.379883,10813.599609
995,2017-06-08,2720.48999,10847.200195
996,2017-06-09,2807.439941,10947.200195
997,2017-06-10,2828.139893,10947.200195
998,2017-06-11,2942.409912,10947.200195
999,2017-06-12,2953.219971,10929.700195
1000,2017-06-13,2680.909912,10872.599609
1001,2017-06-14,2716.879883,10858.5
1002,2017-06-15,2499.580078,10750.799805
1003,2017-06-16,2469.570068,10731.900391
1004,2017-06-17,2514.01001,10731.900391
1005,2017-06-18,2655.350098,10731.900391
1006,2017-06-19,2549.030029,10839.799805
1007,2017-06-20,2591.26001,10892.299805
1008,2017-06-21,2709.429932,10721.900391
1009,2017-06-22,2691.030029,10709.599609
1010,2017-06-23,2707.340088,10685.599609
1011,2017-06-24,2738.52002,10685.599609
1012,2017-06-25,2607.25,10685.599609
1013,2017-06-26,2590.570068,10666.099609
1014,2017-06-27,2478.449951,10674.0
1015,2017-06-28,2553.030029,10607.799805
1016,2017-06-29,2567.560059,10735.900391
1017,2017-06-30,2539.23999,10541.200195
1018,2017-07-01,2492.600098,10541.200195
1019,2017-07-02,2436.399902,10541.200195
1020,2017-07-03,2498.560059,10507.599609
1021,2017-07-04,2561.0,10543.299805
1022,2017-07-05,2602.870117,10535.900391
1023,2017-07-06,2608.100098,10546.099609
1024,2017-07-07,2608.590088,10495.200195
1025,2017-07-08,2520.27002,10495.200195
1026,2017-07-09,2572.610107,10495.200195
1027,2017-07-10,2525.25,10525.400391
1028,2017-07-11,2385.889893,10531.5
1029,2017-07-12,2332.77002,10482.200195
1030,2017-07-13,2402.699951,10594.5
1031,2017-07-14,2360.590088,10664.599609
1032,2017-07-15,2230.120117,10664.599609
1033,2017-07-16,1991.97998,10664.599609
1034,2017-07-17,1932.619995,10665.5
1035,2017-07-18,2233.52002,10616.0
1036,2017-07-19,2323.080078,10533.900391
1037,2017-07-20,2269.889893,10597.400391
1038,2017-07-21,2838.409912,10530.700195
1039,2017-07-22,2668.629883,10530.700195
1040,2017-07-23,2808.100098,10530.700195
1041,2017-07-24,2732.699951,10432.0
1042,2017-07-25,2757.5,10451.200195
1043,2017-07-26,2577.77002,10523.799805
1044,2017-07-27,2538.709961,10549.299805
1045,2017-07-28,2679.72998,10574.400391
1046,2017-07-29,2807.02002,10574.400391
1047,2017-07-30,2724.389893,10574.400391
1048,2017-07-31,2763.23999,10536.599609
1049,2017-08-01,2871.300049,10613.400391
1050,2017-08-02,2727.129883,10592.299805
1051,2017-08-03,2709.560059,10487.200195
1052,2017-08-04,2806.929932,10525.0
1053,2017-08-05,2897.629883,10525.0
1054,2017-08-06,3257.610107,10525.0
1055,2017-08-07,3212.780029,10682.799805
1056,2017-08-08,3370.219971,10674.400391
1057,2017-08-09,3420.399902,10681.400391
1058,2017-08-10,3341.840088,10576.599609
1059,2017-08-11,3373.820068,10377.299805
1060,2017-08-12,3650.629883,10377.299805
1061,2017-08-13,3880.040039,10377.299805
1062,2017-08-14,4066.100098,10329.400391
1063,2017-08-15,4326.990234,10489.0
1064,2017-08-16,4200.339844,10521.0
1065,2017-08-17,4384.439941,10535.700195
1066,2017-08-18,4324.339844,10323.599609
1067,2017-08-19,4137.75,10323.599609
1068,2017-08-20,4189.310059,10323.599609
1069,2017-08-21,4090.47998,10360.0
1070,2017-08-22,3998.350098,10425.200195
1071,2017-08-23,4089.01001,10414.0
1072,2017-08-24,4137.600098,10378.700195
1073,2017-08-25,4332.819824,10373.900391
1074,2017-08-26,4372.060059,10373.900391
1075,2017-08-27,4345.100098,10373.900391
1076,2017-08-28,4384.450195,10313.700195
1077,2017-08-29,4389.209961,10233.200195
1078,2017-08-30,4570.359863,10264.599609
1079,2017-08-31,4555.589844,10279.5
1080,2017-09-01,4701.759766,10328.799805
1081,2017-09-02,4901.419922,10328.799805
1082,2017-09-03,4585.27002,10328.799805
1083,2017-09-04,4591.629883,10234.099609
1084,2017-09-05,4228.290039,10244.700195
1085,2017-09-06,4376.589844,10130.900391
1086,2017-09-07,4589.140137,10175.200195
1087,2017-09-08,4605.160156,10118.400391
1088,2017-09-09,4229.810059,10118.400391
1089,2017-09-10,4229.339844,10118.400391
1090,2017-09-11,4122.470215,10199.900391
1091,2017-09-12,4168.879883,10354.5
1092,2017-09-13,4131.97998,10324.799805
1093,2017-09-14,3875.370117,10352.700195
1094,2017-09-15,3166.300049,10321.200195
1095,2017-09-16,3637.75,10321.200195
1096,2017-09-17,3606.280029,10321.200195
1097,2017-09-18,3591.090088,10358.0
1098,2017-09-19,4073.790039,10312.200195
1099,2017-09-20,3916.360107,10349.0
1100,2017-09-21,3901.469971,10318.200195
1101,2017-09-22,3628.02002,10286.599609
1102,2017-09-23,3629.919922,10286.599609
1103,2017-09-24,3796.149902,10286.599609
1104,2017-09-25,3681.580078,10270.0
1105,2017-09-26,3928.409912,10203.799805
1106,2017-09-27,3892.939941,10221.299805
1107,2017-09-28,4197.129883,10381.200195
1108,2017-09-29,4171.620117,10336.900391
1109,2017-09-30,4166.109863,10336.900391
1110,2017-10-01,4341.049805,10336.900391
1111,2017-10-02,4395.810059,10262.299805
1112,2017-10-03,4408.459961,10250.599609
1113,2017-10-04,4319.370117,10226.799805
1114,2017-10-05,4229.879883,9934.299805
1115,2017-10-06,4324.459961,10185.200195
1116,2017-10-07,4369.350098,10185.200195
1117,2017-10-08,4429.669922,10185.200195
1118,2017-10-09,4614.52002,10210.599609
1119,2017-10-10,4776.209961,10225.0
1120,2017-10-11,4789.25,10304.599609
1121,2017-10-12,4829.580078,10284.5
1122,2017-10-13,5464.160156,10298.599609
1123,2017-10-14,5643.529785,10298.599609
1124,2017-10-15,5835.959961,10298.599609
1125,2017-10-16,5687.569824,10244.400391
1126,2017-10-17,5741.580078,10164.900391
1127,2017-10-18,5603.819824,10237.0
1128,2017-10-19,5583.740234,10251.299805
1129,2017-10-20,5708.109863,10202.0
1130,2017-10-21,5996.790039,10202.0
1131,2017-10-22,6036.660156,10202.0
1132,2017-10-23,6006.0,10202.400391
1133,2017-10-24,5935.52002,10150.599609
1134,2017-10-25,5524.600098,10199.0
1135,2017-10-26,5747.950195,10140.299805
1136,2017-10-27,5899.740234,10354.299805
1137,2017-10-28,5787.819824,10354.299805
1138,2017-10-29,5754.439941,10354.299805
1139,2017-10-30,6114.850098,10321.200195
1140,2017-10-31,6132.02002,10463.200195
1141,2017-11-01,6440.970215,10591.400391
1142,2017-11-02,6777.77002,10509.0
1143,2017-11-03,7087.529785,10463.299805
1144,2017-11-04,7164.47998,10463.299805
1145,2017-11-05,7404.52002,10463.299805
1146,2017-11-06,7403.220215,10358.099609
1147,2017-11-07,7023.100098,10365.700195
1148,2017-11-08,7141.379883,10236.200195
1149,2017-11-09,7446.830078,10223.200195
1150,2017-11-10,7173.72998,10138.599609
1151,2017-11-11,6618.609863,10138.599609
1152,2017-11-12,6295.450195,10138.599609
1153,2017-11-13,5938.25,10124.0
1154,2017-11-14,6561.47998,10063.599609
1155,2017-11-15,6634.759766,9920.599609
1156,2017-11-16,7323.240234,10074.0
1157,2017-11-17,7853.569824,10074.400391
1158,2017-11-18,7697.209961,10074.400391
1159,2017-11-19,7766.029785,10074.400391
1160,2017-11-20,8039.069824,9999.700195
1161,2017-11-21,8205.740234,10017.400391
1162,2017-11-22,8077.950195,10010.200195
1163,2017-11-23,8232.379883,9994.099609
1164,2017-11-24,8074.02002,10044.900391
1165,2017-11-25,8241.709961,10044.900391
1166,2017-11-26,8789.040039,10044.900391
1167,2017-11-27,9352.719727,10027.400391
1168,2017-11-28,9823.429688,10083.799805
1169,2017-11-29,10077.400391,10221.799805
1170,2017-11-30,9906.790039,10266.599609
1171,2017-12-01,10198.599609,10225.5
1172,2017-12-02,10978.299805,10225.5
1173,2017-12-03,11082.700195,10225.5
1174,2017-12-04,11315.400391,10182.799805
1175,2017-12-05,11685.700195,10204.599609
1176,2017-12-06,11923.400391,10156.400391
1177,2017-12-07,14266.099609,10195.799805
1178,2017-12-08,17802.900391,10322.5
1179,2017-12-09,16523.300781,10322.5
1180,2017-12-10,15168.400391,10322.5
1181,2017-12-11,15427.400391,10339.299805
1182,2017-12-12,16919.800781,10319.599609
1183,2017-12-13,17500.0,10300.200195
1184,2017-12-14,16384.599609,10250.0
1185,2017-12-15,16601.300781,10156.700195
1186,2017-12-16,17760.300781,10156.700195
1187,2017-12-17,19475.800781,10156.700195
1188,2017-12-18,19106.400391,10197.900391
1189,2017-12-19,19118.300781,10239.0
1190,2017-12-20,17760.300781,10242.0
1191,2017-12-21,16642.400391,10192.599609
1192,2017-12-22,15898.0,10145.599609
1193,2017-12-23,13948.700195,10145.599609
1194,2017-12-24,14608.200195,10145.599609
1195,2017-12-25,13995.900391,10145.599609
1196,2017-12-26,14036.599609,10145.599609
1197,2017-12-27,16163.5,10167.200195
1198,2017-12-28,15864.099609,10150.299805
1199,2017-12-29,14695.799805,10091.299805
1200,2017-12-30,14681.900391,10091.299805
1201,2017-12-31,12897.700195,10091.299805
1202,2018-01-01,14112.200195,10091.299805
1203,2018-01-02,13625.0,10089.599609
1204,2018-01-03,14978.200195,10101.400391
1205,2018-01-04,15270.700195,10154.599609
1206,2018-01-05,15477.200195,10343.099609
1207,2018-01-06,17462.099609,10343.099609
1208,2018-01-07,17527.300781,10343.099609
1209,2018-01-08,16476.199219,10439.799805
1210,2018-01-09,15123.700195,10400.900391
1211,2018-01-10,14588.5,10423.200195
1212,2018-01-11,14968.200195,10435.900391
1213,2018-01-12,13453.900391,10463.700195
1214,2018-01-13,13952.400391,10463.700195
1215,2018-01-14,14370.799805,10463.700195
1216,2018-01-15,13767.299805,10471.599609
1217,2018-01-16,13836.099609,10479.0
1218,2018-01-17,11431.099609,10475.599609
1219,2018-01-18,11198.799805,10500.099609
1220,2018-01-19,11429.799805,10417.5
1221,2018-01-20,11656.200195,10417.5
1222,2018-01-21,12889.200195,10417.5
1223,2018-01-22,11633.099609,10503.599609
1224,2018-01-23,10944.5,10640.299805
1225,2018-01-24,10903.400391,10595.299805
1226,2018-01-25,11421.700195,10564.599609
1227,2018-01-26,11256.0,10598.599609
1228,2018-01-27,11174.900391,10598.599609
1229,2018-01-28,11475.299805,10598.599609
1230,2018-01-29,11755.5,10605.5
1231,2018-01-30,11306.799805,10481.900391
1232,2018-01-31,10108.200195,10436.400391
1233,2018-02-01,10237.299805,10518.299805
1234,2018-02-02,9142.280273,10359.299805
1235,2018-02-03,8852.120117,10359.299805
1236,2018-02-04,9175.700195,10359.299805
1237,2018-02-05,8270.540039,10138.400391
1238,2018-02-06,7051.75,9794.900391
1239,2018-02-07,7755.490234,9950.799805
1240,2018-02-08,7637.859863,9928.5
1241,2018-02-09,8271.839844,9710.900391
1242,2018-02-10,8720.080078,9710.900391
1243,2018-02-11,8616.129883,9710.900391
1244,2018-02-12,8141.430176,9760.099609
1245,2018-02-13,8926.719727,9788.5
1246,2018-02-14,8599.919922,9715.700195
1247,2018-02-15,9488.320313,9770.700195
1248,2018-02-16,10135.700195,9785.200195
1249,2018-02-17,10207.5,9785.200195
1250,2018-02-18,11123.400391,9785.200195
1251,2018-02-19,10552.599609,9865.099609
1252,2018-02-20,11231.799805,9806.900391
1253,2018-02-21,11372.200195,9874.5
1254,2018-02-22,10660.400391,9767.599609
1255,2018-02-23,9937.070313,9882.900391
1256,2018-02-24,10287.700195,9882.900391
1257,2018-02-25,9796.419922,9882.900391
1258,2018-02-26,9669.429688,9888.400391
1259,2018-02-27,10393.900391,9930.299805
1260,2018-02-28,10687.200195,9869.799805
1261,2018-03-01,10385.0,9795.299805
1262,2018-03-02,10977.400391,9680.0
1263,2018-03-03,11101.900391,9680.0
1264,2018-03-04,11497.400391,9680.0
1265,2018-03-05,11532.400391,9500.0
1266,2018-03-06,11500.099609,9663.599609
1267,2018-03-07,10803.900391,9561.299805
1268,2018-03-08,9951.44043,9617.0
1269,2018-03-09,9414.69043,9651.0
1270,2018-03-10,9350.589844,9651.0
1271,2018-03-11,8852.780273,9651.0
1272,2018-03-12,9602.929688,9747.400391
1273,2018-03-13,9173.040039,9737.200195
1274,2018-03-14,9214.650391,9698.900391
1275,2018-03-15,8290.759766,9715.299805
1276,2018-03-16,8322.910156,9676.200195
1277,2018-03-17,8321.910156,9676.200195
1278,2018-03-18,7890.52002,9676.200195
1279,2018-03-19,8344.120117,9733.900391
1280,2018-03-20,8619.669922,9676.299805
1281,2018-03-21,8937.480469,9701.5
1282,2018-03-22,8939.44043,9580.400391
1283,2018-03-23,8736.25,9399.200195
1284,2018-03-24,8901.950195,9399.200195
1285,2018-03-25,8612.80957,9399.200195
1286,2018-03-26,8498.469727,9418.099609
1287,2018-03-27,8200.0,9518.200195
1288,2018-03-28,7836.830078,9397.799805
1289,2018-03-29,7979.069824,9595.599609
1290,2018-03-30,7171.450195,9595.599609
1291,2018-03-31,6892.47998,9595.599609
1292,2018-04-01,7003.060059,9595.599609
1293,2018-04-02,6844.859863,9595.599609
1294,2018-04-03,7102.259766,9532.099609
1295,2018-04-04,7456.410156,9555.5
1296,2018-04-05,6848.649902,9637.5
1297,2018-04-06,6815.959961,9688.299805
1298,2018-04-07,6630.509766,9688.299805
1299,2018-04-08,6919.97998,9688.299805
1300,2018-04-09,7044.319824,9735.099609
1301,2018-04-10,6795.439941,9798.5
1302,2018-04-11,6843.470215,9742.599609
1303,2018-04-12,6955.379883,9733.0
1304,2018-04-13,7901.089844,9764.0
1305,2018-04-14,7874.669922,9764.0
1306,2018-04-15,7999.330078,9764.0
1307,2018-04-16,8337.570313,9768.700195
1308,2018-04-17,8071.660156,9785.400391
1309,2018-04-18,7944.430176,9814.5
1310,2018-04-19,8159.27002,9861.799805
1311,2018-04-20,8286.879883,9864.400391
1312,2018-04-21,8848.790039,9864.400391
1313,2018-04-22,8925.05957,9864.400391
1314,2018-04-23,8794.389648,9898.599609
1315,2018-04-24,8934.339844,9922.700195
1316,2018-04-25,9701.030273,9829.200195
1317,2018-04-26,8867.320313,9871.5
1318,2018-04-27,9290.629883,9894.200195
1319,2018-04-28,8939.269531,9894.200195
1320,2018-04-29,9346.410156,9894.200195
1321,2018-04-30,9426.110352,9924.0
1322,2018-05-01,9251.469727,9924.0
1323,2018-05-02,9104.599609,9982.599609
1324,2018-05-03,9233.969727,10080.700195
1325,2018-05-04,9695.5,10047.099609
1326,2018-05-05,9700.280273,10047.099609
1327,2018-05-06,9845.30957,10047.099609
1328,2018-05-07,9645.669922,10114.200195
1329,2018-05-08,9380.870117,10135.099609
1330,2018-05-09,9223.730469,10163.700195
1331,2018-05-10,9325.959961,10243.299805
1332,2018-05-11,9052.959961,10245.200195
1333,2018-05-12,8441.44043,10245.200195
1334,2018-05-13,8515.490234,10245.200195
1335,2018-05-14,8713.099609,10277.200195
1336,2018-05-15,8705.19043,10237.900391
1337,2018-05-16,8504.410156,10189.799805
1338,2018-05-17,8370.049805,10120.799805
1339,2018-05-18,8091.830078,10209.299805
1340,2018-05-19,8255.730469,10209.299805
1341,2018-05-20,8246.990234,10209.299805
1342,2018-05-21,8522.330078,10155.200195
1343,2018-05-22,8419.870117,10081.5
1344,2018-05-23,8037.080078,10101.799805
1345,2018-05-24,7561.120117,10045.5
1346,2018-05-25,7592.299805,10031.0
1347,2018-05-26,7486.47998,10031.0
1348,2018-05-27,7362.080078,10031.0
1349,2018-05-28,7371.310059,9891.400391
1350,2018-05-29,7129.459961,9668.400391
1351,2018-05-30,7469.72998,9553.0
1352,2018-05-31,7406.149902,9625.099609
1353,2018-06-01,7500.700195,9544.700195
1354,2018-06-02,7536.720215,9544.700195
1355,2018-06-03,7632.089844,9544.700195
1356,2018-06-04,7722.529785,9716.299805
1357,2018-06-05,7500.899902,9730.599609
1358,2018-06-06,7625.970215,9702.700195
1359,2018-06-07,7650.819824,9844.200195
1360,2018-06-08,7685.140137,9762.700195
1361,2018-06-09,7632.52002,9762.700195
1362,2018-06-10,7499.549805,9762.700195
1363,2018-06-11,6799.290039,9835.0
1364,2018-06-12,6905.819824,9940.599609
1365,2018-06-13,6596.879883,9900.200195
1366,2018-06-14,6342.75,9862.400391
1367,2018-06-15,6674.080078,9980.099609
1368,2018-06-16,6455.450195,9980.099609
1369,2018-06-17,6545.529785,9980.099609
1370,2018-06-18,6510.069824,9818.0
1371,2018-06-19,6742.390137,9656.599609
1372,2018-06-20,6770.759766,9835.0
1373,2018-06-21,6780.089844,9824.400391
1374,2018-06-22,6737.879883,9738.900391
1375,2018-06-23,6090.100098,9738.900391
1376,2018-06-24,6164.279785,9738.900391
1377,2018-06-25,6171.970215,9711.400391
1378,2018-06-26,6253.549805,9670.299805
1379,2018-06-27,6084.399902,9636.599609
1380,2018-06-28,6153.160156,9603.599609
1381,2018-06-29,5898.129883,9671.099609
1382,2018-06-30,6214.220215,9671.099609
1383,2018-07-01,6411.680176,9671.099609
1384,2018-07-02,6380.379883,9526.299805
1385,2018-07-03,6596.660156,9591.599609
1386,2018-07-04,6550.870117,9643.799805
1387,2018-07-05,6599.709961,9773.5
1388,2018-07-06,6638.689941,9905.0
1389,2018-07-07,6668.709961,9905.0
1390,2018-07-08,6857.799805,9905.0
1391,2018-07-09,6775.080078,9923.5
1392,2018-07-10,6739.209961,9935.599609
1393,2018-07-11,6330.77002,9822.5
1394,2018-07-12,6396.779785,9774.799805
1395,2018-07-13,6235.029785,9807.5
1396,2018-07-14,6247.5,9807.5
1397,2018-07-15,6272.700195,9807.5
1398,2018-07-16,6357.009766,9733.599609
1399,2018-07-17,6739.649902,9716.400391
1400,2018-07-18,7315.319824,9739.099609
1401,2018-07-19,7378.200195,9748.900391
1402,2018-07-20,7467.399902,9710.400391
1403,2018-07-21,7352.720215,9710.400391
1404,2018-07-22,7417.799805,9710.400391
1405,2018-07-23,7414.709961,9699.700195
1406,2018-07-24,7716.509766,9775.900391
1407,2018-07-25,8379.660156,9769.799805
1408,2018-07-26,8176.850098,9741.200195
1409,2018-07-27,7950.399902,9781.599609
1410,2018-07-28,8169.060059,9781.599609
1411,2018-07-29,8205.820313,9781.599609
1412,2018-07-30,8221.580078,9827.900391
1413,2018-07-31,8181.200195,9846.200195
1414,2018-08-01,7769.040039,9871.099609
1415,2018-08-02,7634.189941,9765.900391
1416,2018-08-03,7562.140137,9710.299805
1417,2018-08-04,7438.669922,9710.299805
1418,2018-08-05,7031.080078,9710.299805
1419,2018-08-06,7062.939941,9758.400391
1420,2018-08-07,6958.319824,9751.799805
1421,2018-08-08,6746.850098,9763.900391
1422,2018-08-09,6305.560059,9745.200195
1423,2018-08-10,6571.419922,9669.599609
1424,2018-08-11,6185.790039,9669.599609
1425,2018-08-12,6283.649902,9669.599609
1426,2018-08-13,6341.359863,9543.799805
1427,2018-08-14,6287.660156,9574.799805
1428,2018-08-15,6221.419922,9537.0
1429,2018-08-16,6294.22998,9440.799805
1430,2018-08-17,6340.910156,9450.299805
1431,2018-08-18,6583.430176,9450.299805
1432,2018-08-19,6422.569824,9450.299805
1433,2018-08-20,6500.509766,9448.900391
1434,2018-08-21,6301.069824,9465.900391
1435,2018-08-22,6486.25,9535.5
1436,2018-08-23,6371.339844,9592.5
1437,2018-08-24,6551.52002,9559.700195
1438,2018-08-25,6719.950195,9559.700195
1439,2018-08-26,6754.640137,9559.700195
1440,2018-08-27,6710.799805,9631.599609
1441,2018-08-28,6891.080078,9667.599609
1442,2018-08-29,7091.709961,9585.700195
1443,2018-08-30,7043.759766,9546.099609
1444,2018-08-31,6973.970215,9466.299805
1445,2018-09-01,7044.810059,9466.299805
1446,2018-09-02,7189.580078,9466.299805
1447,2018-09-03,7279.029785,9387.700195
1448,2018-09-04,7263.0,9414.700195
1449,2018-09-05,7361.459961,9353.200195
1450,2018-09-06,6755.140137,9267.700195
1451,2018-09-07,6528.919922,9209.200195
1452,2018-09-08,6460.169922,9209.200195
1453,2018-09-09,6223.379883,9209.200195
1454,2018-09-10,6301.569824,9173.0
1455,2018-09-11,6331.879883,9301.099609
1456,2018-09-12,6317.009766,9286.5
1457,2018-09-13,6354.240234,9308.0
1458,2018-09-14,6515.410156,9359.400391
1459,2018-09-15,6509.399902,9359.400391
1460,2018-09-16,6536.680176,9359.400391
1461,2018-09-17,6514.060059,9350.299805
1462,2018-09-18,6280.910156,9406.700195
1463,2018-09-19,6371.850098,9464.400391
1464,2018-09-20,6398.850098,9489.5
1465,2018-09-21,6513.870117,9614.299805
1466,2018-09-22,6735.049805,9614.299805
1467,2018-09-23,6715.319824,9614.299805
1468,2018-09-24,6704.77002,9549.900391
1469,2018-09-25,6603.640137,9524.799805
1470,2018-09-26,6452.790039,9519.599609
1471,2018-09-27,6495.290039,9492.5
1472,2018-09-28,6678.75,9468.0
1473,2018-09-29,6643.100098,9468.0
1474,2018-09-30,6604.709961,9468.0
1475,2018-10-01,6619.850098,9384.299805
1476,2018-10-02,6593.240234,9349.099609
1477,2018-10-03,6553.859863,9360.599609
1478,2018-10-04,6497.910156,9349.0
1479,2018-10-05,6574.149902,9318.099609
1480,2018-10-06,6622.450195,9318.099609
1481,2018-10-07,6590.680176,9318.099609
1482,2018-10-08,6600.189941,9227.099609
1483,2018-10-09,6653.080078,9231.700195
1484,2018-10-10,6640.290039,9243.200195
1485,2018-10-11,6586.740234,9018.400391
1486,2018-10-12,6239.25,9094.700195
1487,2018-10-13,6278.080078,9094.700195
1488,2018-10-14,6288.490234,9094.700195
1489,2018-10-15,6292.640137,8883.099609
1490,2018-10-16,6601.410156,8967.799805
1491,2018-10-17,6590.52002,9113.400391
1492,2018-10-18,6542.330078,8970.700195
1493,2018-10-19,6478.069824,8874.700195
1494,2018-10-20,6460.919922,8874.700195
1495,2018-10-21,6490.089844,8874.700195
1496,2018-10-22,6486.049805,8997.700195
1497,2018-10-23,6472.359863,8715.400391
1498,2018-10-24,6478.890137,8767.0
1499,2018-10-25,6484.649902,8639.5
1500,2018-10-26,6468.439941,8746.099609
1501,2018-10-27,6480.839844,8746.099609
1502,2018-10-28,6482.660156,8746.099609
1503,2018-10-29,6492.350098,8775.700195
1504,2018-10-30,6337.040039,8849.5
1505,2018-10-31,6336.990234,8911.5
1506,2018-11-01,6318.140137,8882.5
1507,2018-11-02,6378.919922,9058.700195
1508,2018-11-03,6387.240234,9058.700195
1509,2018-11-04,6365.470215,9058.700195
1510,2018-11-05,6363.620117,9005.400391
1511,2018-11-06,6433.379883,9002.299805
1512,2018-11-07,6468.5,9165.200195
1513,2018-11-08,6522.27002,9182.700195
1514,2018-11-09,6442.600098,9117.700195
1515,2018-11-10,6386.129883,9117.700195
1516,2018-11-11,6413.629883,9117.700195
1517,2018-11-12,6411.759766,9174.799805
1518,2018-11-13,6373.189941,9097.200195
1519,2018-11-14,6351.240234,9097.799805
1520,2018-11-15,5736.149902,9133.700195
1521,2018-11-16,5645.319824,9111.599609
1522,2018-11-17,5578.580078,9111.599609
1523,2018-11-18,5559.740234,9111.599609
1524,2018-11-19,5620.779785,9073.799805
1525,2018-11-20,4863.930176,8970.700195
1526,2018-11-21,4465.540039,8905.700195
1527,2018-11-22,4611.569824,8917.400391
1528,2018-11-23,4360.700195,8903.200195
1529,2018-11-24,4347.689941,8903.200195
1530,2018-11-25,3880.780029,8903.200195
1531,2018-11-26,4015.070068,8984.0
1532,2018-11-27,3765.949951,9091.700195
1533,2018-11-28,3822.469971,9120.400391
1534,2018-11-29,4269.004395,9168.900391
1535,2018-11-30,4289.088867,9112.400391
1536,2018-12-01,4024.464355,9112.400391
1537,2018-12-02,4200.733398,9112.400391
1538,2018-12-03,4147.32373,9239.799805
1539,2018-12-04,3886.294922,9148.5
1540,2018-12-05,3958.894775,8983.700195
1541,2018-12-06,3754.074463,8926.0
1542,2018-12-07,3512.590332,8819.599609
1543,2018-12-08,3421.9104,8819.599609
1544,2018-12-09,3473.227539,8819.599609
1545,2018-12-10,3612.046387,8771.0
1546,2018-12-11,3497.554688,8709.400391
1547,2018-12-12,3421.458252,8724.900391
1548,2018-12-13,3487.879395,8915.799805
1549,2018-12-14,3311.751953,8865.900391
1550,2018-12-15,3243.997559,8865.900391
1551,2018-12-16,3236.274658,8865.900391
1552,2018-12-17,3253.123047,8862.900391
1553,2018-12-18,3544.761475,8781.099609
1554,2018-12-19,3706.824951,8720.099609
1555,2018-12-20,3742.195068,8647.799805
1556,2018-12-21,4133.703613,8563.200195
1557,2018-12-22,3898.08374,8563.200195
1558,2018-12-23,4020.994629,8563.200195
1559,2018-12-24,4000.331787,8490.200195
1560,2018-12-25,4081.030518,8490.200195
1561,2018-12-26,3819.666748,8490.200195
1562,2018-12-27,3854.688477,8555.599609
1563,2018-12-28,3653.131836,8386.200195
1564,2018-12-29,3932.491699,8386.200195
1565,2018-12-30,3822.384766,8386.200195
1566,2018-12-31,3866.839111,8510.799805
1567,2019-01-01,3746.713379,8510.799805
1568,2019-01-02,3849.216309,8448.299805
1569,2019-01-03,3931.048584,8497.5
1570,2019-01-04,3832.040039,8593.799805
1571,2019-01-05,3851.973877,8593.799805
1572,2019-01-06,3836.519043,8593.799805
1573,2019-01-07,4078.584961,8781.200195
1574,2019-01-08,4028.472168,8783.099609
1575,2019-01-09,4031.552002,8887.400391
1576,2019-01-10,4034.411377,8790.0
1577,2019-01-11,3674.015381,8855.900391
1578,2019-01-12,3686.973145,8855.900391
1579,2019-01-13,3658.868164,8855.900391
1580,2019-01-14,3557.311035,8819.200195
1581,2019-01-15,3704.216309,8878.400391
1582,2019-01-16,3631.509766,8869.5
1583,2019-01-17,3651.871094,8868.099609
1584,2019-01-18,3677.990479,8962.299805
1585,2019-01-19,3652.37793,8962.299805
1586,2019-01-20,3725.446045,8962.299805
1587,2019-01-21,3600.372803,9064.799805
1588,2019-01-22,3575.081299,9009.0
1589,2019-01-23,3605.557129,9011.900391
1590,2019-01-24,3584.500244,9150.0
1591,2019-01-25,3607.390381,9206.900391
1592,2019-01-26,3599.715332,9206.900391
1593,2019-01-27,3604.687256,9206.900391
1594,2019-01-28,3584.283203,9149.5
1595,2019-01-29,3468.870117,9064.599609
1596,2019-01-30,3443.896973,9123.900391
1597,2019-01-31,3485.40918,9103.799805
1598,2019-02-01,3460.547119,9058.599609
1599,2019-02-02,3484.625977,9058.599609
1600,2019-02-03,3516.139648,9058.599609
1601,2019-02-04,3467.21167,9015.299805
1602,2019-02-05,3454.950928,8982.0
1603,2019-02-06,3469.091797,9070.400391
1604,2019-02-07,3414.929443,9062.400391
1605,2019-02-08,3401.376465,8915.400391
1606,2019-02-09,3671.585938,8915.400391
1607,2019-02-10,3673.201416,8915.400391
1608,2019-02-11,3695.613037,8905.099609
1609,2019-02-12,3642.751953,8989.5
1610,2019-02-13,3653.604004,8993.299805
1611,2019-02-14,3631.170166,9035.700195
1612,2019-02-15,3617.368408,8953.400391
1613,2019-02-16,3615.270264,8953.400391
1614,2019-02-17,3633.359375,8953.400391
1615,2019-02-18,3671.369873,9134.599609
1616,2019-02-19,3911.661621,9152.099609
1617,2019-02-20,3946.685059,9156.799805
1618,2019-02-21,4000.256836,9202.5
1619,2019-02-22,3952.406494,9184.700195
1620,2019-02-23,3998.91626,9184.700195
1621,2019-02-24,4145.458008,9184.700195
1622,2019-02-25,3807.002441,9244.200195
1623,2019-02-26,3878.697266,9172.0
1624,2019-02-27,3857.479736,9206.200195
1625,2019-02-28,3848.261963,9166.299805
1626,2019-03-01,3853.75708,9313.5
1627,2019-03-02,3855.318115,9313.5
1628,2019-03-03,3862.266113,9313.5
1629,2019-03-04,3845.091553,9309.299805
1630,2019-03-05,3759.83252,9255.700195
1631,2019-03-06,3897.081055,9243.099609
1632,2019-03-07,3903.384766,9301.0
1633,2019-03-08,3913.22583,9173.200195
1634,2019-03-09,3894.55249,9173.200195
1635,2019-03-10,3966.174316,9173.200195
1636,2019-03-11,3953.740234,9157.700195
1637,2019-03-12,3903.758301,9206.900391
1638,2019-03-13,3913.047363,9134.700195
1639,2019-03-14,3905.576904,9193.700195
1640,2019-03-15,3926.66333,9219.5
1641,2019-03-16,3963.900146,9219.5
1642,2019-03-17,4047.719482,9219.5
1643,2019-03-18,4029.968506,9350.799805
1644,2019-03-19,4032.691895,9428.400391
1645,2019-03-20,4070.793945,9467.700195
1646,2019-03-21,4083.953857,9387.400391
1647,2019-03-22,4028.514648,9394.599609
1648,2019-03-23,4022.713379,9394.599609
1649,2019-03-24,4035.163574,9394.599609
1650,2019-03-25,4024.112793,9159.400391
1651,2019-03-26,3969.22876,9189.700195
1652,2019-03-27,3984.244873,9194.799805
1653,2019-03-28,4087.584473,9214.099609
1654,2019-03-29,4068.299805,9226.5
1655,2019-03-30,4092.13623,9226.5
1656,2019-03-31,4105.456055,9226.5
1657,2019-04-01,4105.362305,9304.799805
1658,2019-04-02,4156.919434,9356.700195
1659,2019-04-03,4879.958008,9457.099609
1660,2019-04-04,4971.307617,9488.900391
1661,2019-04-05,4922.806152,9542.400391
1662,2019-04-06,5036.792969,9542.400391
1663,2019-04-07,5062.793945,9542.400391
1664,2019-04-08,5199.835449,9483.400391
1665,2019-04-09,5289.917969,9428.299805
1666,2019-04-10,5204.105469,9423.5
1667,2019-04-11,5325.081543,9423.099609
1668,2019-04-12,5061.200684,9441.299805
1669,2019-04-13,5088.850098,9441.299805
1670,2019-04-14,5095.758789,9441.299805
1671,2019-04-15,5167.321777,9488.099609
1672,2019-04-16,5066.577637,9492.400391
1673,2019-04-17,5236.135254,9486.0
1674,2019-04-18,5251.480469,9553.700195
1675,2019-04-19,5298.154297,9553.700195
1676,2019-04-20,5304.160645,9553.700195
1677,2019-04-21,5335.878906,9553.700195
1678,2019-04-22,5312.494629,9553.700195
1679,2019-04-23,5399.365723,9586.0
1680,2019-04-24,5571.508301,9506.299805
1681,2019-04-25,5466.524414,9450.799805
1682,2019-04-26,5210.304688,9512.099609
1683,2019-04-27,5279.471191,9512.099609
1684,2019-04-28,5271.746582,9512.099609
1685,2019-04-29,5284.858398,9435.299805
1686,2019-04-30,5247.726074,9497.299805
1687,2019-05-01,5350.914551,9497.299805
1688,2019-05-02,5402.422852,9545.5
1689,2019-05-03,5505.552246,9427.900391
1690,2019-05-04,5769.202637,9427.900391
1691,2019-05-05,5831.068359,9427.900391
1692,2019-05-06,5791.693359,9259.0
1693,2019-05-07,5745.599121,9332.900391
1694,2019-05-08,5849.481445,9233.900391
1695,2019-05-09,5982.316406,9162.099609
1696,2019-05-10,6175.822754,9149.400391
1697,2019-05-11,6379.666992,9149.400391
1698,2019-05-12,7203.507324,9149.400391
1699,2019-05-13,6971.178223,9127.599609
1700,2019-05-14,7807.884277,9078.200195
1701,2019-05-15,7989.374512,9143.0
1702,2019-05-16,8194.500977,9161.400391
1703,2019-05-17,7886.925781,9278.700195
1704,2019-05-18,7341.664551,9278.700195
1705,2019-05-19,7267.962891,9278.700195
1706,2019-05-20,8196.923828,9286.0
1707,2019-05-21,7977.969238,9229.0
1708,2019-05-22,7956.291992,9232.299805
1709,2019-05-23,7677.269043,9170.700195
1710,2019-05-24,7881.695313,9150.299805
1711,2019-05-25,7991.885254,9150.299805
1712,2019-05-26,8055.206055,9150.299805
1713,2019-05-27,8674.072266,9225.900391
1714,2019-05-28,8802.757813,9220.400391
1715,2019-05-29,8718.591797,9113.200195
1716,2019-05-30,8661.760742,9120.799805
1717,2019-05-31,8320.286133,9054.900391
1718,2019-06-01,8573.839844,9054.900391
1719,2019-06-02,8565.473633,9054.900391
1720,2019-06-03,8741.74707,8945.700195
1721,2019-06-04,8210.985352,8972.700195
1722,2019-06-05,7704.343262,9136.799805
1723,2019-06-06,7819.633301,9169.200195
1724,2019-06-07,7826.901367,9186.700195
1725,2019-06-08,8036.774902,9186.700195
1726,2019-06-09,7949.674805,9186.700195
1727,2019-06-10,7692.284668,9284.200195
1728,2019-06-11,8004.243652,9288.599609
1729,2019-06-12,7925.434082,9244.400391
1730,2019-06-13,8145.54541,9227.599609
1731,2019-06-14,8230.898438,9233.799805
1732,2019-06-15,8689.746094,9233.799805
1733,2019-06-16,8841.44043,9233.799805
1734,2019-06-17,8988.923828,9199.599609
1735,2019-06-18,9335.466797,9112.900391
1736,2019-06-19,9078.727539,9257.299805
1737,2019-06-20,9273.060547,9272.099609
1738,2019-06-21,9525.074219,9228.200195
1739,2019-06-22,10175.923828,9228.200195
1740,2019-06-23,10696.691406,9228.200195
1741,2019-06-24,10853.744141,9230.0
1742,2019-06-25,11007.202148,9165.299805
1743,2019-06-26,11778.581055,9162.299805
1744,2019-06-27,13017.125,9168.0
1745,2019-06-28,11162.167969,9148.799805
1746,2019-06-29,12400.763672,9148.799805
1747,2019-06-30,11931.991211,9148.799805
1748,2019-07-01,10796.930664,9290.299805
1749,2019-07-02,10588.683594,9284.0
1750,2019-07-03,10818.15625,9290.5
1751,2019-07-04,11972.71875,9371.0
1752,2019-07-05,11203.102539,9391.700195
1753,2019-07-06,10982.543945,9391.700195
1754,2019-07-07,11217.616211,9391.700195
1755,2019-07-08,11446.59668,9303.299805
1756,2019-07-09,12284.326172,9258.700195
1757,2019-07-10,12571.537109,9241.299805
1758,2019-07-11,12139.713867,9268.200195
1759,2019-07-12,11354.299805,9284.700195
1760,2019-07-13,11813.126953,9284.700195
1761,2019-07-14,11381.020508,9284.700195
1762,2019-07-15,10257.838867,9313.200195
1763,2019-07-16,10896.65332,9326.0
1764,2019-07-17,9471.213867,9359.099609
1765,2019-07-18,9698.50293,9198.5
1766,2019-07-19,10653.956055,9263.099609
1767,2019-07-20,10525.819336,9263.099609
1768,2019-07-21,10777.529297,9263.099609
1769,2019-07-22,10596.948242,9172.599609
1770,2019-07-23,10346.748047,9224.099609
1771,2019-07-24,9887.730469,9287.400391
1772,2019-07-25,9809.09668,9354.599609
1773,2019-07-26,9913.126953,9281.099609
1774,2019-07-27,9871.165039,9281.099609
1775,2019-07-28,9491.626953,9281.099609
1776,2019-07-29,9548.178711,9201.299805
1777,2019-07-30,9522.329102,9216.400391
1778,2019-07-31,9604.050781,8993.599609
1779,2019-08-01,10077.442383,8947.599609
1780,2019-08-02,10402.042969,8905.700195
1781,2019-08-03,10519.27832,8905.700195
1782,2019-08-04,10821.632813,8905.700195
1783,2019-08-05,10960.735352,8824.0
1784,2019-08-06,11811.544922,8774.599609
1785,2019-08-07,11476.193359,8743.700195
1786,2019-08-08,11954.040039,8828.799805
1787,2019-08-09,11953.469727,8814.099609
1788,2019-08-10,11861.556641,8814.099609
1789,2019-08-11,11349.740234,8814.099609
1790,2019-08-12,11528.189453,8796.900391
1791,2019-08-13,11385.052734,8628.200195
1792,2019-08-14,10889.487305,8684.0
1793,2019-08-15,10038.421875,8551.099609
1794,2019-08-16,10319.419922,8530.0
1795,2019-08-17,10358.722656,8530.0
1796,2019-08-18,10233.005859,8530.0
1797,2019-08-19,10350.283203,8726.900391
1798,2019-08-20,10916.34668,8707.099609
1799,2019-08-21,10764.572266,8645.900391
1800,2019-08-22,10142.521484,8684.400391
1801,2019-08-23,10136.30957,8764.400391
1802,2019-08-24,10407.644531,8764.400391
1803,2019-08-25,10160.737305,8764.400391
1804,2019-08-26,10126.299805,8603.299805
1805,2019-08-27,10372.826172,8682.200195
1806,2019-08-28,10203.426758,8711.5
1807,2019-08-29,9756.786133,8728.200195
1808,2019-08-30,9514.844727,8809.099609
1809,2019-08-31,9597.539063,8809.099609
1810,2019-09-01,9630.592773,8809.099609
1811,2019-09-02,9757.473633,8810.799805
1812,2019-09-03,10345.725586,8806.799805
1813,2019-09-04,10621.180664,8872.299805
1814,2019-09-05,10588.183594,8913.0
1815,2019-09-06,10578.198242,8992.799805
1816,2019-09-07,10353.931641,8992.799805
1817,2019-09-08,10518.114258,8992.799805
1818,2019-09-09,10443.228516,8997.700195
1819,2019-09-10,10336.408203,9007.400391
1820,2019-09-11,10123.035156,9109.299805
1821,2019-09-12,10176.819336,9078.099609
1822,2019-09-13,10415.362305,9099.799805
1823,2019-09-14,10345.40332,9099.799805
1824,2019-09-15,10356.46582,9099.799805
1825,2019-09-16,10347.222656,9099.900391
1826,2019-09-17,10281.513672,9050.599609
1827,2019-09-18,10247.795898,9016.5
1828,2019-09-19,10200.496094,9043.099609
1829,2019-09-20,10266.318359,9137.0
1830,2019-09-21,10183.648438,9137.0
1831,2019-09-22,10024.115234,9137.0
1832,2019-09-23,10067.962891,9154.900391
1833,2019-09-24,9729.321289,9116.099609
1834,2019-09-25,8603.428711,9087.200195
1835,2019-09-26,8487.669922,9064.599609
1836,2019-09-27,8113.101074,9149.700195
1837,2019-09-28,8251.273438,9149.700195
1838,2019-09-29,8246.037109,9149.700195
1839,2019-09-30,8104.226563,9194.799805
1840,2019-10-01,8299.720703,9277.0
1841,2019-10-02,8344.212891,9150.099609
1842,2019-10-03,8390.774414,8935.799805
1843,2019-10-04,8259.494141,8944.200195
1844,2019-10-05,8210.149414,8944.200195
1845,2019-10-06,8149.876953,8944.200195
1846,2019-10-07,7989.120605,8954.700195
1847,2019-10-08,8246.849609,9066.5
1848,2019-10-09,8229.84082,8952.700195
1849,2019-10-10,8585.280273,8997.400391
1850,2019-10-11,8585.262695,9112.900391
1851,2019-10-12,8315.665039,9112.900391
1852,2019-10-13,8336.902344,9112.900391
1853,2019-10-14,8320.832031,9229.200195
1854,2019-10-15,8373.458008,9292.0
1855,2019-10-16,8204.674805,9346.5
1856,2019-10-17,8047.8125,9360.900391
1857,2019-10-18,8100.933594,9310.299805
1858,2019-10-19,7973.803711,9310.299805
1859,2019-10-20,7997.807129,9310.299805
1860,2019-10-21,8225.115234,9350.299805
1861,2019-10-22,8243.402344,9393.299805
1862,2019-10-23,8076.228516,9339.299805
1863,2019-10-24,7509.728027,9413.5
1864,2019-10-25,7490.703125,9409.900391
1865,2019-10-26,8667.577148,9409.900391
1866,2019-10-27,9241.707031,9409.900391
1867,2019-10-28,9565.101563,9432.299805
1868,2019-10-29,9248.44043,9440.700195
1869,2019-10-30,9422.462891,9384.5
1870,2019-10-31,9202.458008,9296.299805
1871,2019-11-01,9193.992188,9293.099609
1872,2019-11-02,9259.783203,9293.099609
1873,2019-11-03,9324.787109,9293.099609
1874,2019-11-04,9235.607422,9376.5
1875,2019-11-05,9413.004883,9424.200195
1876,2019-11-06,9340.864258,9407.299805
1877,2019-11-07,9352.393555,9435.400391
1878,2019-11-08,9265.368164,9418.5
1879,2019-11-09,8809.46875,9418.5
1880,2019-11-10,8812.489258,9418.5
1881,2019-11-11,9056.917969,9370.299805
1882,2019-11-12,8759.751953,9427.799805
1883,2019-11-13,8812.033203,9270.200195
1884,2019-11-14,8811.936523,9203.099609
1885,2019-11-15,8705.708008,9222.099609
1886,2019-11-16,8491.166016,9222.099609
1887,2019-11-17,8549.470703,9222.099609
1888,2019-11-18,8573.980469,9265.099609
1889,2019-11-19,8305.134766,9288.0
1890,2019-11-20,8203.613281,9223.700195
1891,2019-11-21,8023.644531,9175.099609
1892,2019-11-22,7643.569336,9238.5
1893,2019-11-23,7296.164551,9238.5
1894,2019-11-24,7398.633789,9238.5
1895,2019-11-25,7039.977051,9300.0
1896,2019-11-26,7145.15918,9323.599609
1897,2019-11-27,7220.880859,9353.5
1898,2019-11-28,7536.820313,9353.599609
1899,2019-11-29,7466.727051,9334.5
1900,2019-11-30,7764.057129,9334.5
1901,2019-12-01,7571.616211,9334.5
1902,2019-12-02,7424.036133,9367.200195
1903,2019-12-03,7323.975586,9176.799805
1904,2019-12-04,7320.125,9146.200195
1905,2019-12-05,7253.241699,9284.299805
1906,2019-12-06,7450.561523,9267.299805
1907,2019-12-07,7547.265625,9267.299805
1908,2019-12-08,7551.338867,9267.299805
1909,2019-12-09,7561.79541,9378.200195
1910,2019-12-10,7397.134277,9355.599609
1911,2019-12-11,7277.197754,9315.400391
1912,2019-12-12,7216.73877,9416.299805
1913,2019-12-13,7244.662109,9598.200195
1914,2019-12-14,7268.902832,9598.200195
1915,2019-12-15,7124.239746,9598.200195
1916,2019-12-16,7153.663086,9607.900391
1917,2019-12-17,6931.31543,9630.700195
1918,2019-12-18,6647.698242,9606.099609
1919,2019-12-19,7277.59082,9622.599609
1920,2019-12-20,7208.636719,9620.400391
1921,2019-12-21,7220.59375,9620.400391
1922,2019-12-22,7191.188477,9620.400391
1923,2019-12-23,7508.902344,9650.200195
1924,2019-12-24,7354.393066,9632.099609
1925,2019-12-25,7325.755859,9632.099609
1926,2019-12-26,7274.799316,9632.099609
1927,2019-12-27,7238.141113,9673.0
1928,2019-12-28,7289.03125,9673.0
1929,2019-12-29,7317.647461,9673.0
1930,2019-12-30,7420.272949,9672.5
1931,2019-12-31,7294.438965,9672.5
